{"n_estimators": 296, "learning_rate": 0.2888550139239453, "max_depth": 3, "subsample": 0.7529784734393675, "colsample_bytree": 0.8539163324397622, "reg_alpha": 8.91899473935442, "reg_lambda": 3.6343471912336285}