{"n_estimators": 210, "learning_rate": 0.022961101490812298, "max_depth": 10, "subsample": 0.95038784161041, "colsample_bytree": 0.60742714360647, "gamma": 0.7184207688881481}