{"n_estimators": 265, "learning_rate": 0.052294910650530615, "max_depth": 8, "subsample": 0.8719917728580436, "colsample_bytree": 0.9810596163664059, "gamma": 0.7664487989951839}