{"n_estimators": 682, "learning_rate": 0.14209910674882126, "max_depth": 4, "subsample": 0.663596318848215, "colsample_bytree": 0.5477087397779918, "gamma": 4.808608042963651}