{"n_estimators": 1821, "learning_rate": 0.15916855537566565, "max_depth": 3, "subsample": 0.7011165676912272, "colsample_bytree": 0.6099548915933708, "gamma": 9.787501424522896}